{
  "train": {
    "steps": [
      10,
      20,
      30,
      40,
      50,
      60,
      70,
      80,
      90,
      100,
      110
    ],
    "loss": [
      1.3047072410583496,
      1.0379106521606445,
      0.9315924644470215,
      0.8054325103759765,
      0.7333812236785888,
      0.705777931213379,
      0.6602746486663819,
      0.6521883010864258,
      0.5826337337493896,
      0.5627076148986816,
      0.577415132522583
    ],
    "learning_rate": [
      4.5e-05,
      4.90639664055879e-05,
      4.591817994559605e-05,
      4.084140496958538e-05,
      3.430228617812661e-05,
      2.6904459419272955e-05,
      1.933082915947398e-05,
      1.2280528549619485e-05,
      6.404381396920098e-06,
      2.2448236446466846e-06,
      1.8583029790230355e-07
    ],
    "epoch": [
      0.08849557522123894,
      0.17699115044247787,
      0.26548672566371684,
      0.35398230088495575,
      0.4424778761061947,
      0.5309734513274337,
      0.6194690265486725,
      0.7079646017699115,
      0.7964601769911505,
      0.8849557522123894,
      0.9734513274336283
    ]
  },
  "eval": {
    "steps": [
      10,
      20,
      30,
      40,
      50,
      60,
      70,
      80,
      90,
      100,
      110,
      113
    ],
    "loss": [
      1.2774161100387573,
      1.0850940942764282,
      0.9599426984786987,
      0.8638890385627747,
      0.8075871467590332,
      0.7822608351707458,
      0.7616740465164185,
      0.7513214945793152,
      0.7484885454177856,
      0.7454919815063477,
      0.743896484375,
      0.7440147995948792
    ],
    "epoch": [
      0.08849557522123894,
      0.17699115044247787,
      0.26548672566371684,
      0.35398230088495575,
      0.4424778761061947,
      0.5309734513274337,
      0.6194690265486725,
      0.7079646017699115,
      0.7964601769911505,
      0.8849557522123894,
      0.9734513274336283,
      1.008849557522124
    ]
  }
}